-- phpMyAdmin SQL Dump
-- version 5.2.1
-- https://www.phpmyadmin.net/
--
-- Host: 127.0.0.1
-- Generation Time: Jun 09, 2023 at 09:23 AM
-- Server version: 10.4.28-MariaDB
-- PHP Version: 8.0.28

SET SQL_MODE = "NO_AUTO_VALUE_ON_ZERO";
START TRANSACTION;
SET time_zone = "+00:00";


/*!40101 SET @OLD_CHARACTER_SET_CLIENT=@@CHARACTER_SET_CLIENT */;
/*!40101 SET @OLD_CHARACTER_SET_RESULTS=@@CHARACTER_SET_RESULTS */;
/*!40101 SET @OLD_COLLATION_CONNECTION=@@COLLATION_CONNECTION */;
/*!40101 SET NAMES utf8mb4 */;

--
-- Database: `deliveryboy`
--

-- --------------------------------------------------------

--
-- Table structure for table `branch`
--

CREATE TABLE `branch` (
  `id` int(11) NOT NULL,
  `branchName` varchar(255) DEFAULT NULL,
  `companyId` int(11) DEFAULT NULL,
  `address` varchar(255) DEFAULT NULL,
  `lat` float(10,6) DEFAULT NULL,
  `long` float(10,6) DEFAULT NULL,
  `createdAt` datetime NOT NULL,
  `updatedAt` datetime NOT NULL
) ENGINE=InnoDB DEFAULT CHARSET=utf8mb4 COLLATE=utf8mb4_general_ci;

--
-- Dumping data for table `branch`
--

INSERT INTO `branch` (`id`, `branchName`, `companyId`, `address`, `lat`, `long`, `createdAt`, `updatedAt`) VALUES
(1, 'Civil Lines', 1, 'Raipur', 21.232977, 81.658287, '2022-11-08 12:52:59', '2022-11-08 12:52:59'),
(2, 'ok', 1, 'ok', 21.232977, 81.658287, '2022-12-22 11:21:49', '2022-12-22 11:21:49');

-- --------------------------------------------------------

--
-- Table structure for table `cash`
--

CREATE TABLE `cash` (
  `id` int(11) NOT NULL,
  `branchId` int(11) DEFAULT NULL,
  `cash` double DEFAULT 0,
  `bankDeposit` double DEFAULT NULL,
  `cmsboyImage` varchar(250) NOT NULL,
  `depositeSlipImage` varchar(250) NOT NULL,
  `supportDocImage` varchar(250) NOT NULL,
  `date` date DEFAULT NULL,
  `createdAt` datetime NOT NULL,
  `updatedAt` datetime NOT NULL
) ENGINE=InnoDB DEFAULT CHARSET=utf8mb4 COLLATE=utf8mb4_general_ci;

--
-- Dumping data for table `cash`
--

INSERT INTO `cash` (`id`, `branchId`, `cash`, `bankDeposit`, `cmsboyImage`, `depositeSlipImage`, `supportDocImage`, `date`, `createdAt`, `updatedAt`) VALUES
(1, 1, 0, NULL, '', '', '', '2023-01-19', '2023-01-19 05:08:26', '2023-01-19 05:09:36'),
(2, 1, 0, NULL, '', '', '', '2023-02-14', '2023-02-14 05:07:18', '2023-02-14 05:07:18'),
(3, 1, 0, NULL, '', '', '', '2023-02-25', '2023-02-25 06:19:40', '2023-02-25 06:19:40'),
(4, 1, 11590, NULL, '', '', '', '2023-03-14', '2023-03-14 04:49:27', '2023-03-14 04:49:27'),
(5, 1, 3000, NULL, '', '', '', '2023-03-20', '2023-03-20 05:37:02', '2023-03-20 05:37:02'),
(6, 1, 5599, NULL, '', '', '', '2023-03-21', '2023-03-21 04:49:05', '2023-03-21 04:49:05'),
(7, 2, 5800, NULL, '', '', '', '2023-03-25', '2023-03-25 04:32:54', '2023-03-25 04:32:54'),
(8, 1, 2250, NULL, '', '', '', '2023-03-25', '2023-03-25 07:16:03', '2023-03-25 07:16:03'),
(9, 1, 9300, NULL, '', '', '', '2023-03-31', '2023-03-31 06:59:17', '2023-03-31 06:59:17'),
(10, 1, 0, NULL, '', '', '', '2023-03-31', '2023-03-31 11:42:47', '2023-03-31 11:42:47'),
(11, 1, 0, NULL, '', '', '', '2023-03-31', '2023-03-31 11:42:52', '2023-03-31 11:42:52'),
(12, 1, 0, NULL, '', '', '', '2023-03-31', '2023-03-31 11:43:25', '2023-03-31 11:43:25'),
(13, 1, 0, NULL, '', '', '', '2023-03-31', '2023-03-31 11:45:50', '2023-03-31 11:45:50'),
(14, 1, 0, NULL, '', '', '', '2023-03-31', '2023-03-31 11:47:29', '2023-03-31 11:47:29'),
(15, 1, 0, NULL, '', '', '', '2023-03-31', '2023-03-31 11:47:39', '2023-03-31 11:47:39'),
(16, 1, 0, NULL, '', '', '', '2023-03-31', '2023-03-31 11:48:11', '2023-03-31 11:48:11'),
(17, 1, 0, NULL, '', '', '', '2023-03-31', '2023-03-31 11:48:15', '2023-03-31 11:48:15'),
(18, 1, 0, NULL, '', '', '', '2023-03-31', '2023-03-31 11:52:27', '2023-03-31 11:52:27'),
(19, 1, 0, NULL, '', '', '', '2023-03-31', '2023-03-31 11:53:15', '2023-03-31 11:53:15'),
(20, 1, 0, NULL, '', '', '', '2023-03-31', '2023-03-31 11:53:36', '2023-03-31 11:53:36'),
(21, 1, 0, NULL, '', '', '', '2023-03-31', '2023-03-31 11:53:41', '2023-03-31 11:53:41'),
(22, 1, 0, NULL, '', '', '', '2023-03-31', '2023-03-31 11:53:50', '2023-03-31 11:53:50'),
(23, 1, 0, NULL, '', '', '', '2023-03-31', '2023-03-31 11:54:11', '2023-03-31 11:54:11'),
(24, 1, 0, NULL, '', '', '', '2023-03-31', '2023-03-31 11:54:30', '2023-03-31 11:54:30'),
(25, 1, 0, NULL, '', '', '', '2023-03-31', '2023-03-31 11:54:38', '2023-03-31 11:54:38'),
(26, 1, 0, NULL, '', '', '', '2023-03-31', '2023-03-31 12:00:32', '2023-03-31 12:00:32'),
(27, 1, 0, NULL, '', '', '', '2023-03-31', '2023-03-31 12:07:02', '2023-03-31 12:07:02'),
(28, 1, 0, NULL, '', '', '', '2023-03-31', '2023-03-31 12:07:12', '2023-03-31 12:07:12'),
(29, 1, 0, NULL, '', '', '', '2023-03-31', '2023-03-31 12:07:24', '2023-03-31 12:07:24'),
(30, 1, 0, NULL, '', '', '', '2023-03-31', '2023-03-31 12:14:14', '2023-03-31 12:14:14'),
(31, 1, 0, NULL, '', '', '', '2023-03-31', '2023-03-31 12:14:14', '2023-03-31 12:14:14'),
(32, 1, 0, NULL, '', '', '', '2023-03-31', '2023-03-31 12:14:28', '2023-03-31 12:14:28'),
(33, 1, 0, NULL, '', '', '', '2023-03-31', '2023-03-31 12:15:46', '2023-03-31 12:15:46'),
(34, 1, 0, NULL, '', '', '', '2023-03-31', '2023-03-31 12:15:51', '2023-03-31 12:15:51'),
(35, 1, 0, NULL, '', '', '', '2023-03-31', '2023-03-31 12:16:03', '2023-03-31 12:16:03'),
(36, 1, 0, NULL, '', '', '', '2023-03-31', '2023-03-31 12:17:13', '2023-03-31 12:17:13'),
(37, 1, 0, NULL, '', '', '', '2023-03-31', '2023-03-31 12:17:25', '2023-03-31 12:17:25'),
(38, 1, 0, NULL, '', '', '', '2023-03-31', '2023-03-31 12:18:38', '2023-03-31 12:18:38'),
(39, 1, 0, NULL, '', '', '', '2023-03-31', '2023-03-31 12:18:51', '2023-03-31 12:18:51'),
(40, 1, 0, NULL, '', '', '', '2023-03-31', '2023-03-31 12:21:29', '2023-03-31 12:21:29'),
(41, 1, 0, NULL, '', '', '', '2023-03-31', '2023-03-31 12:34:48', '2023-03-31 12:34:48'),
(42, 1, 0, NULL, '', '', '', '2023-03-31', '2023-03-31 12:34:53', '2023-03-31 12:34:53'),
(43, 1, 0, NULL, '', '', '', '2023-03-31', '2023-03-31 12:36:26', '2023-03-31 12:36:26'),
(44, 1, 0, NULL, '', '', '', '2023-03-31', '2023-03-31 12:36:50', '2023-03-31 12:36:50'),
(45, 1, 621, NULL, '', '', '', '2023-04-01', '2023-04-01 04:37:45', '2023-04-01 04:37:45'),
(46, 1, 0, NULL, '', '', '', '2023-04-01', '2023-04-01 08:07:38', '2023-04-01 08:07:38'),
(47, 1, 0, NULL, '', '', '', '2023-04-01', '2023-04-01 08:08:14', '2023-04-01 08:08:14'),
(48, 1, 0, NULL, '', '', '', '2023-04-01', '2023-04-01 08:44:55', '2023-04-01 08:44:55'),
(49, 1, 0, NULL, '', '', '', '2023-04-01', '2023-04-01 08:45:23', '2023-04-01 08:45:23'),
(50, 1, 0, NULL, '', '', '', '2023-04-01', '2023-04-01 08:48:20', '2023-04-01 08:48:20'),
(51, 1, 0, NULL, '', '', '', '2023-04-01', '2023-04-01 10:54:23', '2023-04-01 10:54:23'),
(52, 1, 0, NULL, '', '', '', '2023-04-01', '2023-04-01 10:58:34', '2023-04-01 10:58:34'),
(53, 1, 0, NULL, '', '', '', '2023-04-01', '2023-04-01 11:10:45', '2023-04-01 11:10:45'),
(54, 1, 621, NULL, '', '', '', '2023-04-01', '2023-04-01 11:18:14', '2023-04-01 11:18:14'),
(55, 1, 621, NULL, '', '', '', '2023-04-01', '2023-04-01 11:24:45', '2023-04-01 11:24:45'),
(56, 1, 0, NULL, '', '', '', '2023-04-03', '2023-04-03 04:02:40', '2023-04-03 04:02:40'),
(57, 1, 621, NULL, '', '', '', '2023-04-03', '2023-04-03 04:03:51', '2023-04-03 04:03:51'),
(58, 1, 12600, NULL, '', '', '', '2023-04-03', '2023-04-03 04:22:09', '2023-04-03 04:22:09'),
(59, 1, 12600, NULL, '', '', '', '2023-04-03', '2023-04-03 06:11:42', '2023-04-03 06:11:42'),
(60, 1, 12600, NULL, '', '', '', '2023-04-03', '2023-04-03 06:40:34', '2023-04-03 06:40:34'),
(61, 1, 12600, NULL, '', '', '', '2023-04-03', '2023-04-03 07:37:58', '2023-04-03 07:37:58'),
(62, 1, 621, NULL, '', '', '', '2023-04-03', '2023-04-03 10:52:44', '2023-04-03 10:52:44'),
(63, 1, 0, NULL, '', '', '', '2023-04-03', '2023-04-03 10:57:53', '2023-04-03 10:57:53'),
(64, 1, 12600, NULL, '', '', '', '2023-04-04', '2023-04-04 11:22:43', '2023-04-04 11:22:43'),
(65, 1, 0, NULL, '', '', '', '2023-04-05', '2023-04-05 05:04:53', '2023-04-05 05:04:53'),
(66, 1, 6000, NULL, '', '', '', '2023-04-05', '2023-04-05 05:28:29', '2023-04-05 05:28:29'),
(67, 1, 0, NULL, '', '', '', '2023-04-08', '2023-04-08 05:46:02', '2023-04-08 06:58:09'),
(68, 1, 0, NULL, '', '', '', '2023-04-11', '2023-04-11 03:53:52', '2023-04-11 04:30:37'),
(69, 1, 0, NULL, '', '', '', '2023-04-12', '2023-04-12 04:44:28', '2023-04-12 04:44:28'),
(70, 1, 0, NULL, '', '', '', '2023-04-14', '2023-04-14 03:42:11', '2023-04-14 09:47:17'),
(71, 1, 0, NULL, '', '', '', '2023-04-14', '2023-04-14 04:47:37', '2023-04-14 04:47:37'),
(72, 1, 0, NULL, '', '', '', '2023-04-14', '2023-04-14 04:48:22', '2023-04-14 04:48:22'),
(74, 1, 0, NULL, '', '', '', '2023-04-15', '2023-04-15 03:47:48', '2023-04-15 05:39:52'),
(76, 1, 0, NULL, '', '', '', '2023-04-22', '2023-04-22 10:45:12', '2023-04-22 10:45:12'),
(77, 1, 5000, NULL, '', '', '', '2023-04-22', '2023-04-22 10:54:20', '2023-04-22 10:54:20'),
(78, 1, 979, NULL, '', '', '', '2023-04-24', '2023-04-24 05:36:42', '2023-04-24 05:36:42'),
(79, 1, 989, NULL, '', '', '', '2023-04-24', '2023-04-24 05:51:07', '2023-04-24 05:51:07');

-- --------------------------------------------------------

--
-- Table structure for table `cashinhand`
--

CREATE TABLE `cashinhand` (
  `id` int(11) NOT NULL,
  `branchId` int(11) DEFAULT NULL,
  `userId` int(11) NOT NULL,
  `totalCash` double DEFAULT 0,
  `bankDeposit` double DEFAULT NULL,
  `date` date DEFAULT NULL,
  `createdAt` datetime NOT NULL,
  `updatedAt` datetime NOT NULL
) ENGINE=InnoDB DEFAULT CHARSET=utf8mb4 COLLATE=utf8mb4_general_ci;

--
-- Dumping data for table `cashinhand`
--

INSERT INTO `cashinhand` (`id`, `branchId`, `userId`, `totalCash`, `bankDeposit`, `date`, `createdAt`, `updatedAt`) VALUES
(1, 1, 3, 989, 0, '2023-04-24', '2023-04-24 05:51:07', '2023-04-24 05:51:07');

-- --------------------------------------------------------

--
-- Table structure for table `company`
--

CREATE TABLE `company` (
  `id` int(11) NOT NULL,
  `companyName` varchar(255) DEFAULT NULL,
  `address` varchar(255) DEFAULT NULL,
  `gstNo` varchar(255) DEFAULT NULL,
  `createdAt` datetime NOT NULL,
  `updatedAt` datetime NOT NULL
) ENGINE=InnoDB DEFAULT CHARSET=utf8mb4 COLLATE=utf8mb4_general_ci;

--
-- Dumping data for table `company`
--

INSERT INTO `company` (`id`, `companyName`, `address`, `gstNo`, `createdAt`, `updatedAt`) VALUES
(1, 'Virtuora Technologies & Services', 'Raipur', '22HOXPS6423F1ZF', '2022-11-08 12:52:37', '2022-11-08 12:52:37'),
(2, 'ok', 'ok', '22HOXPS6423F1ZE', '2022-12-22 11:40:51', '2022-12-22 11:40:51'),
(3, 'TCG5TGC', '6C6GC6G', '09AAACH7409R1ZZ', '2023-04-15 10:30:01', '2023-04-15 10:30:01'),
(4, 'CompanyC', 'address  A', '07AABCU9603R1ZP', '2023-04-18 08:10:53', '2023-04-18 08:10:53');

-- --------------------------------------------------------

--
-- Table structure for table `company_bank_account`
--

CREATE TABLE `company_bank_account` (
  `id` int(11) NOT NULL,
  `companyId` int(11) DEFAULT NULL,
  `accountNumber` varchar(255) DEFAULT NULL,
  `bankName` varchar(255) DEFAULT NULL,
  `ifscCode` varchar(255) DEFAULT NULL,
  `upiId` varchar(255) DEFAULT NULL,
  `createdAt` datetime NOT NULL,
  `updatedAt` datetime NOT NULL
) ENGINE=InnoDB DEFAULT CHARSET=utf8mb4 COLLATE=utf8mb4_general_ci;

--
-- Dumping data for table `company_bank_account`
--

INSERT INTO `company_bank_account` (`id`, `companyId`, `accountNumber`, `bankName`, `ifscCode`, `upiId`, `createdAt`, `updatedAt`) VALUES
(1, 2, '98', 'OK', 'OK987654321', '', '2022-12-22 11:40:51', '2022-12-22 11:40:51'),
(2, 3, '234234234234', 'QWER', '23456789098', 'SDSD', '2023-04-15 10:30:01', '2023-04-15 10:30:01'),
(3, 4, '43535363534', 'dasda', '54645465432', 'Asdf', '2023-04-18 08:10:54', '2023-04-18 08:10:54');

-- --------------------------------------------------------

--
-- Table structure for table `expences`
--

CREATE TABLE `expences` (
  `id` int(11) NOT NULL,
  `branchId` int(11) NOT NULL,
  `userId` varchar(250) NOT NULL,
  `particular` varchar(255) DEFAULT NULL,
  `remark` varchar(255) DEFAULT NULL,
  `description` varchar(255) DEFAULT NULL,
  `ammount` double DEFAULT NULL,
  `date` date DEFAULT NULL,
  `supportingDocument` varchar(255) DEFAULT NULL,
  `createdAt` datetime NOT NULL,
  `updatedAt` datetime NOT NULL
) ENGINE=InnoDB DEFAULT CHARSET=utf8mb4 COLLATE=utf8mb4_general_ci;

--
-- Dumping data for table `expences`
--

INSERT INTO `expences` (`id`, `branchId`, `userId`, `particular`, `remark`, `description`, `ammount`, `date`, `supportingDocument`, `createdAt`, `updatedAt`) VALUES
(1, 1, '', '10', '100', '10000', 1111, '2023-01-13', 'filename-1673586645810.png', '2023-01-13 05:10:45', '2023-01-13 05:10:45'),
(2, 1, '', '12_april_particular11111', 'remark_22April', 'Description_22April', 76543, '2023-04-22', 'supportingDocument-1682147618851.jpeg', '2023-01-14 05:27:18', '2023-04-22 07:13:38'),
(3, 1, '', 'Particular_23_march_data', 'Remark_23_march_data', 'Description_23_march_data', 23000, '2023-03-23', 'filename-1679557491510.jpeg', '2023-03-23 07:44:51', '2023-03-23 07:44:51'),
(4, 1, '', '25_particular_expenses', '25_march_remark', '25_march_Description', 25000, '2023-03-25', 'filename-1679730074064.jpeg', '2023-03-25 07:41:14', '2023-03-25 07:41:14'),
(5, 1, '', '25_march_II_particularData', '25_march_II_Remark', '25_march_II__description', 25200, '2023-03-25', 'filename-1679732276240.jpeg', '2023-03-25 08:17:56', '2023-03-25 08:17:56'),
(6, 1, '', '31_pARTICULAR', '31_MARCH_rEMARK', '31_MARCH_dESCRIPTION', 123456, '2023-03-31', 'filename-1680250545153.jpeg', '2023-03-31 08:15:45', '2023-03-31 08:15:45'),
(7, 1, '', '12_april_particular', '12_april_remark', '12_april_description', 121212, '2023-04-19', 'filename-1681188113827.jpeg', '2023-04-11 04:41:53', '2023-04-19 04:57:31'),
(8, 1, '', '22_particular', 'ok rem444', 'ok per444', 444444, '2023-04-22', 'supportingDocument-1682145649365.jpeg', '2023-04-15 07:21:16', '2023-04-22 06:40:49'),
(9, 1, '', '22April_particular', '22April_remark', '22April_description', 54321, '2023-04-22', 'supportingDocument-1682145840429.jpeg', '2023-04-17 11:02:35', '2023-04-22 06:44:00'),
(10, 1, '2', 'rg', 'fer', 'ere', 121, '2023-06-09', 'filename-1686295080049.jpeg', '2023-06-09 07:18:00', '2023-06-09 07:18:00'),
(11, 1, '3', 'ff', 'weew', '43fwefe', 131, '2023-06-09', 'filename-1686295120908.jpeg', '2023-06-09 07:18:40', '2023-06-09 07:18:40');

-- --------------------------------------------------------

--
-- Table structure for table `messagecenter`
--

CREATE TABLE `messagecenter` (
  `id` int(11) NOT NULL,
  `userId` int(11) DEFAULT NULL,
  `designation` varchar(255) DEFAULT NULL,
  `title` varchar(255) DEFAULT NULL,
  `subject` varchar(255) DEFAULT NULL,
  `description` varchar(255) DEFAULT NULL,
  `branchId` int(11) DEFAULT NULL,
  `createdAt` datetime NOT NULL,
  `updatedAt` datetime NOT NULL
) ENGINE=InnoDB DEFAULT CHARSET=utf8mb4 COLLATE=utf8mb4_general_ci;

-- --------------------------------------------------------

--
-- Table structure for table `parcel`
--

CREATE TABLE `parcel` (
  `id` int(11) NOT NULL,
  `publicId` varchar(255) NOT NULL,
  `noOfParcel` int(11) DEFAULT 0,
  `ammount` double DEFAULT NULL,
  `date` date DEFAULT NULL,
  `branchId` int(11) NOT NULL,
  `remark` varchar(255) DEFAULT NULL,
  `createdAt` datetime NOT NULL,
  `updatedAt` datetime NOT NULL
) ENGINE=InnoDB DEFAULT CHARSET=utf8mb4 COLLATE=utf8mb4_general_ci;

--
-- Dumping data for table `parcel`
--

INSERT INTO `parcel` (`id`, `publicId`, `noOfParcel`, `ammount`, `date`, `branchId`, `remark`, `createdAt`, `updatedAt`) VALUES
(1, '1672752240302', 1, 1, '2023-01-03', 1, '1', '2023-01-03 13:24:00', '2023-01-03 13:24:00'),
(2, '1672753300997', 11, 1, '2023-01-03', 1, '1', '2023-01-03 13:41:40', '2023-01-03 13:41:40'),
(3, '1672753510459', 1, 1, '2023-01-03', 1, '1', '2023-01-03 13:45:10', '2023-01-03 13:45:10'),
(4, '1675917950032', 100, 10000.123, '2023-02-09', 1, NULL, '2023-02-09 04:45:50', '2023-02-09 04:45:50'),
(5, '1676705601743', 10, 1000, '2023-02-18', 1, 'ok', '2023-02-18 07:33:21', '2023-02-18 07:33:21'),
(6, '1676705680477', 100, 100, '2023-02-18', 1, '', '2023-02-18 07:34:40', '2023-02-18 07:34:40'),
(7, '1678426070713', 1, 11111, '2023-03-10', 1, '1', '2023-03-10 05:27:50', '2023-03-10 05:27:50'),
(8, '1678427268478', 500, 1000, '2023-03-10', 1, '', '2023-03-10 05:47:48', '2023-03-10 05:47:48'),
(9, '1678769307937', 180, 2800, '2023-03-14', 1, '14_March_Remark', '2023-03-14 04:48:27', '2023-03-14 04:48:27'),
(10, '1679290536316', 600, 50000, '2023-03-20', 1, '20_march\n', '2023-03-20 05:35:36', '2023-03-20 05:35:36'),
(11, '1679373483327', 600, 100000, '2023-03-21', 1, '21_march_remark', '2023-03-21 04:38:03', '2023-03-21 04:38:03'),
(12, '1679718633895', 2500, 125000, '2023-03-25', 1, '25_march_remark\n', '2023-03-25 04:30:33', '2023-03-25 04:30:33'),
(13, '1679719608034', 345, 12000, '2023-03-25', 1, '25_march_II_remark', '2023-03-25 04:46:48', '2023-03-25 04:46:48'),
(14, '1679890617654', 963, 96300, '2023-03-27', 1, '27_March_remark', '2023-03-27 04:16:57', '2023-03-27 04:16:57'),
(15, '1680245856629', 800, 25000, '2023-03-31', 1, '31_march_remark\n', '2023-03-31 06:57:36', '2023-03-31 06:57:36'),
(16, '1680323790122', 3456, 135500, '2023-04-01', 1, '14_april_remark\n', '2023-04-01 04:36:30', '2023-04-03 04:01:56'),
(17, '1680495627411', 1234, 170000, '2023-04-03', 1, '3_April_Remark', '2023-04-03 04:20:27', '2023-04-03 10:40:40'),
(18, '1680672397472', 1600, 160000, '2023-04-05', 1, '5_april_remark\n', '2023-04-05 05:26:37', '2023-04-05 05:26:37'),
(19, '1680682787184', 2000, 200000, '2023-04-05', 1, '5_april_remark\n', '2023-04-05 08:19:47', '2023-04-05 08:19:47'),
(20, '1680694172057', 234, 123400, '2023-04-05', 1, '5April', '2023-04-05 11:29:32', '2023-04-05 11:29:32'),
(21, '1680760482403', 1200, 120000, '2023-04-06', 1, '6_April_Remark\n', '2023-04-06 05:54:42', '2023-04-11 04:40:24'),
(22, '1682147179763', 921, 26000, '2023-04-22', 1, '22April_Remark', '2023-04-22 07:06:19', '2023-04-22 07:06:19'),
(23, '1682160720423', 300, 3000, '2023-04-22', 1, '22April_II_Remark', '2023-04-22 10:52:00', '2023-04-22 10:52:00');

-- --------------------------------------------------------

--
-- Table structure for table `parcelallot`
--

CREATE TABLE `parcelallot` (
  `id` int(11) NOT NULL,
  `publicId` varchar(255) NOT NULL,
  `userId` int(11) DEFAULT NULL,
  `totalParcel` int(11) DEFAULT 0,
  `totalAmmount` double DEFAULT 0,
  `deliverdParcel` int(11) DEFAULT 0,
  `returnedParcel` int(11) DEFAULT 0,
  `returnedAmmount` double DEFAULT 0,
  `rejectParcel` int(11) DEFAULT 0,
  `rejectAmmount` double DEFAULT 0,
  `nextDayParcel` int(11) DEFAULT 0,
  `nextDayAmmount` double DEFAULT 0,
  `date` date DEFAULT NULL,
  `branchId` int(11) NOT NULL,
  `totalCashAmmount` double DEFAULT 0,
  `totalOnlineAmmount` double DEFAULT 0,
  `createdAt` datetime NOT NULL,
  `updatedAt` datetime NOT NULL
) ENGINE=InnoDB DEFAULT CHARSET=utf8mb4 COLLATE=utf8mb4_general_ci;

--
-- Dumping data for table `parcelallot`
--

INSERT INTO `parcelallot` (`id`, `publicId`, `userId`, `totalParcel`, `totalAmmount`, `deliverdParcel`, `returnedParcel`, `returnedAmmount`, `rejectParcel`, `rejectAmmount`, `nextDayParcel`, `nextDayAmmount`, `date`, `branchId`, `totalCashAmmount`, `totalOnlineAmmount`, `createdAt`, `updatedAt`) VALUES
(1, '1669287417136', 3, 1, 11, 0, 0, 0, 0, 0, 0, 0, '2022-11-24', 1, 0, 0, '2022-11-24 10:56:57', '2022-11-24 10:56:57'),
(2, '1669287444167', 3, 1, 11, 0, 0, 0, 0, 0, 0, 0, '2022-11-24', 1, 0, 0, '2022-11-24 10:57:24', '2023-04-14 04:47:36'),
(3, '1669287470391', 3, 22, 22, 0, 0, 0, 0, 0, 0, 0, '2022-11-24', 1, 0, 0, '2022-11-24 10:57:50', '2022-11-24 10:57:50'),
(4, '1669287645932', 3, 1, 11, 0, 0, 0, 0, 0, 0, 0, '2022-11-24', 1, 0, 0, '2022-11-24 11:00:45', '2022-11-24 11:00:45'),
(5, '1672752245079', 3, 1, 11, 0, 0, 0, 0, 0, 0, 0, '2023-01-03', 1, 0, 0, '2023-01-03 13:24:05', '2023-01-03 13:24:05'),
(6, '1672752249521', 3, 1, 11, 0, 0, 0, 0, 0, 0, 0, '2023-01-03', 1, 0, 0, '2023-01-03 13:24:09', '2023-01-03 13:24:09'),
(7, '1672752256667', 3, 1, 11, 0, 0, 0, 0, 0, 0, 0, '2023-01-03', 1, 0, 0, '2023-01-03 13:24:16', '2023-04-14 04:48:22'),
(8, '1672752425583', 3, 1, 11, 0, 0, 0, 0, 0, 0, 0, '2023-01-03', 1, 0, 0, '2023-01-03 13:27:05', '2023-01-03 13:27:05'),
(9, '1672752426662', 3, 1, 11, 0, 0, 0, 0, 0, 0, 0, '2023-01-03', 1, 0, 0, '2023-01-03 13:27:06', '2023-01-03 13:27:06'),
(10, '1672752551071', 3, 11, 11, 0, 0, 0, 0, 0, 0, 0, '2023-01-03', 1, 0, 0, '2023-01-03 13:29:11', '2023-01-03 13:29:11'),
(11, '1672752595351', 3, 11, 11, 0, 0, 0, 0, 0, 0, 0, '2023-01-03', 1, 0, 0, '2023-01-03 13:29:55', '2023-01-03 13:29:55'),
(12, '1672752637070', 3, 10, 11, 0, 0, 0, 0, 0, 0, 0, '2023-01-03', 1, 0, 0, '2023-01-03 13:30:37', '2023-01-03 13:30:37'),
(13, '1672752746009', 3, 11, 1, 0, 0, 0, 0, 0, 0, 0, '2023-01-03', 1, 0, 0, '2023-01-03 13:32:26', '2023-01-03 13:32:26'),
(14, '1672752847426', 3, 1, 1, 0, 0, 0, 0, 0, 0, 0, '2023-01-03', 1, 0, 0, '2023-01-03 13:34:07', '2023-01-03 13:34:07'),
(15, '1672752923775', 3, 1, 1, 0, 0, 0, 0, 0, 0, 0, '2023-01-03', 1, 0, 0, '2023-01-03 13:35:23', '2023-01-03 13:35:23'),
(16, '1672753057480', 3, 100, 10000, 0, 0, 0, 0, 0, 0, 0, '2023-01-03', 1, 0, 0, '2023-01-03 13:37:37', '2023-01-03 13:37:37'),
(17, '1672753350947', 3, 11, 1101, 0, 0, 0, 0, 0, 0, 0, '2023-01-03', 1, 0, 0, '2023-01-03 13:42:30', '2023-01-03 13:42:30'),
(18, '1672753387468', 3, 11, 1101, 0, 0, 0, 0, 0, 0, 0, '2023-01-03', 1, 0, 0, '2023-01-03 13:43:07', '2023-01-03 13:43:07'),
(19, '1672753414369', 3, 11, 1101, 0, 0, 0, 0, 0, 0, 0, '2023-01-03', 1, 0, 0, '2023-01-03 13:43:34', '2023-01-03 13:43:34'),
(20, '1672753414461', 3, 11, 1101, 0, 0, 0, 0, 0, 0, 0, '2023-01-03', 1, 0, 0, '2023-01-03 13:43:34', '2023-01-03 13:43:34'),
(21, '1672753437798', 3, 1, 1, 0, 0, 0, 0, 0, 0, 0, '2023-01-03', 1, 0, 0, '2023-01-03 13:43:57', '2023-01-03 13:43:57'),
(22, '1672753453174', 3, 1, 1, 0, 0, 0, 0, 0, 0, 0, '2023-01-03', 1, 0, 0, '2023-01-03 13:44:13', '2023-01-03 13:44:13'),
(23, '1672753464711', 3, 11, 9, 0, 0, 0, 0, 0, 0, 0, '2023-01-03', 1, 0, 0, '2023-01-03 13:44:24', '2023-01-03 13:44:24'),
(24, '1672753639394', 3, 11, 1111, 0, 0, 0, 0, 0, 0, 0, '2023-01-03', 1, 0, 0, '2023-01-03 13:47:19', '2023-01-03 13:47:19'),
(25, '1672753809938', 3, 11, 9, 0, 0, 0, 0, 0, 0, 0, '2023-01-03', 1, 0, 0, '2023-01-03 13:50:09', '2023-01-03 13:50:09'),
(26, '1672753957176', 3, 11, 9, 0, 0, 0, 0, 0, 0, 0, '2023-01-03', 1, 0, 0, '2023-01-03 13:52:37', '2023-01-03 13:52:37'),
(27, '1672754002907', 3, 11, 11, 0, 0, 0, 0, 0, 0, 0, '2023-01-03', 1, 0, 0, '2023-01-03 13:53:22', '2023-01-03 13:53:22'),
(28, '1674881373569', 3, 100, 10000, 0, 0, 0, 0, 0, 0, 0, '2023-01-28', 1, 0, 0, '2023-01-28 04:49:33', '2023-01-28 04:49:33'),
(29, '1674881486618', 3, 100, 10000, 0, 0, 0, 0, 0, 0, 0, '2023-01-28', 1, 0, 0, '2023-01-28 04:51:26', '2023-01-28 04:51:26'),
(30, '1674881522032', 2, 100, 10000, 0, 0, 0, 0, 0, 0, 0, '2023-01-28', 1, 0, 0, '2023-01-28 04:52:02', '2023-01-28 04:52:02'),
(31, '1674881621794', 2, 100, 10000, 0, 0, 0, 0, 0, 0, 0, '2023-01-28', 1, 0, 0, '2023-01-28 04:53:41', '2023-01-28 04:53:41'),
(32, '1675917849666', 3, 100, 10000, 0, 0, 0, 0, 0, 0, 0, '2023-02-09', 1, 0, 0, '2023-02-09 04:44:09', '2023-02-09 04:44:09'),
(33, '1675917889977', 2, 100, 10000, 0, 0, 0, 0, 0, 0, 0, '2023-02-09', 1, 0, 0, '2023-02-09 04:44:49', '2023-02-09 04:44:49'),
(36, '1676090833480', 2, 100, 10000, 0, 0, 0, 0, 0, 0, 0, '2023-02-11', 1, 0, 0, '2023-02-11 04:47:13', '2023-02-11 04:47:13'),
(38, '1676090935284', 3, 50, 10000, 0, 0, 0, 0, 0, 0, 0, '2023-02-11', 1, 0, 0, '2023-02-11 04:48:55', '2023-02-11 04:48:55'),
(39, '1676267923564', 3, 10, 10000, 0, 0, 0, 0, 0, 0, 0, '2023-02-13', 1, 0, 0, '2023-02-13 05:58:43', '2023-02-13 05:58:43'),
(40, '1678769280422', 7, 180, 28000, 121, 0, 0, 21, 2100, 38, 2210, '2023-03-14', 1, 11590, 12100, '2023-03-14 04:48:00', '2023-03-14 04:49:27'),
(41, '1679290555075', 7, 300, 25000, 160, 0, 0, 99, 8000, 41, 2000, '2023-03-20', 1, 3000, 12000, '2023-03-20 05:35:55', '2023-03-20 05:37:02'),
(42, '1679373506598', 7, 321, 21000, 131, 0, 0, 21, 9000, 169, 3401, '2023-03-21', 1, 5599, 3000, '2023-03-21 04:38:26', '2023-03-21 04:49:05'),
(43, '1679463318314', 1, 100, 10000, 0, 0, 0, 0, 0, 0, 0, '2023-03-22', 1, 0, 0, '2023-03-22 05:35:18', '2023-03-22 05:35:18'),
(44, '1679643329837', 1, 100, 10000, 0, 0, 0, 0, 0, 0, 0, '2023-03-24', 1, 0, 0, '2023-03-24 07:35:29', '2023-03-24 07:35:29'),
(45, '1679718667887', 7, 521, 21000, 221, 0, 0, 120, 12000, 180, 1100, '2023-03-25', 1, 5800, 2100, '2023-03-25 04:31:07', '2023-03-25 04:32:54'),
(46, '1679719633170', 7, 225, 8000, 120, 0, 0, 25, 1250, 80, 2500, '2023-03-25', 1, 2250, 2000, '2023-03-25 04:47:13', '2023-03-25 07:16:03'),
(47, '1680245894859', 7, 90, 12300, 101, 0, 0, 101, 1000, 119, 1000, '2023-03-31', 1, 9300, 1000, '2023-03-31 06:58:14', '2023-03-31 12:36:50'),
(48, '1680323814269', 19, 111, 33333, 333, 0, 0, 333, 33333, 30, 5600, '2023-04-01', 1, 621, 3979, '2023-04-01 04:36:54', '2023-04-03 10:52:44'),
(49, '1680495664801', 18, 13579, 15000, 230, 0, 0, 500, 199, 500, 2001, '2023-04-03', 1, 12600, 200, '2023-04-03 04:21:04', '2023-04-04 11:22:43'),
(50, '1680672425785', 19, 600, 60000, 0, 0, 0, 0, 0, 0, 0, '2023-04-05', 1, 0, 0, '2023-04-05 05:27:05', '2023-04-05 05:27:05'),
(51, '1680672453629', 18, 300, 30000, 130, 0, 0, 50, 12000, 120, 4000, '2023-04-05', 1, 6000, 8000, '2023-04-05 05:27:33', '2023-04-05 05:28:29'),
(52, '1680682817662', 21, 250, 25000, 0, 0, 0, 0, 0, 0, 0, '2023-04-05', 1, 0, 0, '2023-04-05 08:20:17', '2023-04-05 08:20:17'),
(53, '1680682902202', 19, 200, 29000, 100, 0, 500, 50, 500, 50, 25000, '2023-04-05', 1, 1000, 2000, '2023-04-05 08:21:42', '2023-04-05 08:21:42'),
(54, '1680688330332', 18, 10, 1000, 0, 0, 0, 0, 0, 0, 0, '2023-04-05', 1, 0, 0, '2023-04-05 09:52:10', '2023-04-05 09:52:10'),
(55, '1680688350012', 19, 12, 1200, 0, 0, 0, 0, 0, 0, 0, '2023-04-05', 1, 0, 0, '2023-04-05 09:52:30', '2023-04-05 09:52:30'),
(56, '1680694187810', 19, 121, 12122, 0, 0, 0, 0, 0, 0, 0, '2023-04-05', 1, 0, 0, '2023-04-05 11:29:47', '2023-04-05 11:29:47'),
(57, '1680694199556', 7, 144, 12345, 0, 0, 0, 0, 0, 0, 0, '2023-04-05', 1, 0, 0, '2023-04-05 11:29:59', '2023-04-05 11:29:59'),
(58, '1680694281004', 19, 10, 111111, 0, 0, 0, 0, 0, 0, 0, '2023-04-05', 1, 0, 0, '2023-04-05 11:31:21', '2023-04-05 11:31:21'),
(59, '1682147206925', 19, 431, 12000, 320, 0, 0, 11, 1199, 100, 2200, '2023-04-22', 1, 1601, 7000, '2023-04-22 07:06:46', '2023-04-22 07:07:49'),
(60, '1682160752764', 19, 250, 21000, 200, 0, 0, 10, 3000, 40, 3000, '2023-04-22', 1, 5000, 10000, '2023-04-22 10:52:32', '2023-04-22 10:54:20'),
(61, '1682314588145', 7, 111, 1111, 11, 0, 0, 11, 11, 89, 0, '2023-04-24', 1, 989, 111, '2023-04-24 05:36:28', '2023-04-24 05:51:07');

-- --------------------------------------------------------

--
-- Table structure for table `user`
--

CREATE TABLE `user` (
  `id` int(11) NOT NULL,
  `publicId` varchar(255) NOT NULL,
  `name` varchar(255) DEFAULT NULL,
  `role` varchar(255) DEFAULT NULL,
  `email` varchar(191) NOT NULL,
  `password` varchar(255) DEFAULT NULL,
  `address` varchar(255) DEFAULT NULL,
  `dob` varchar(255) DEFAULT NULL,
  `mobileNumber` varchar(255) DEFAULT NULL,
  `aadharNumber` varchar(255) DEFAULT NULL,
  `panNumber` varchar(255) DEFAULT NULL,
  `isApproved` enum('verify','bacic-verify','pending') DEFAULT 'pending',
  `branchId` int(11) DEFAULT NULL,
  `bloodGroup` varchar(255) DEFAULT NULL,
  `userImage` varchar(255) DEFAULT NULL,
  `salary` varchar(255) DEFAULT NULL,
  `travellingAllowance` varchar(255) DEFAULT NULL,
  `companyId` int(11) DEFAULT NULL,
  `isBlock` enum('yes','no') DEFAULT 'no',
  `createdAt` datetime NOT NULL,
  `updatedAt` datetime NOT NULL
) ENGINE=InnoDB DEFAULT CHARSET=utf8mb4 COLLATE=utf8mb4_general_ci;

--
-- Dumping data for table `user`
--

INSERT INTO `user` (`id`, `publicId`, `name`, `role`, `email`, `password`, `address`, `dob`, `mobileNumber`, `aadharNumber`, `panNumber`, `isApproved`, `branchId`, `bloodGroup`, `userImage`, `salary`, `travellingAllowance`, `companyId`, `isBlock`, `createdAt`, `updatedAt`) VALUES
(1, '1670999713464', 'shubham1', 'admin', 'shubhamaba26@gmail.com', '$2b$10$QPlXPkZCt.ZLr2wKK8NDkeGQWO0/V4iWSonK1dOofDt8vwVL0Z7DO', 'indore', '01/02/1997', '7879335123', '123412341234', '565656565656', 'verify', 1, 'AB-', 'userImage-1670999713464.png', '12345678', '2299', 1, 'no', '2022-12-14 06:35:13', '2023-04-05 06:35:13'),
(2, '1667900350787', 'shubham2', 'admin', 'alogisticsryp@gmail.com', '$2b$10$XSk9TXzTFwQYn9dtxElZxOG/3ENL22.xDMhPfW8s98kLY7wTmO4hm', 'RaipurB', '1922-01-04', '7000878731', '676767676767', '5656565656', 'verify', 1, 'AB+', 'userImage-1667900350785.png', '10000', '12', 1, 'no', '2022-11-08 09:39:10', '2023-04-18 06:57:30'),
(3, '1668084642368', 'DeliveryBoy', 'supervisor', 'ac.ananyaenterprises@gmail.com', '$2b$10$8lXe.xk2dXzSbdX19zyTJ.96MjMjq0zU2ydbOS7oKSAwvIEMOo5Sy', 'Raipur', '01/02/1980', '9827198272', '123412341234', '1234wer234', 'verify', 1, 'O+ve', 'userImage-1668084642365.png', '10000', '10', 1, 'no', '2022-11-10 12:50:42', '2023-03-21 05:19:34'),
(6, '1668090053546', 'Manager', 'manager', 'sales@gmail.com', '$2b$10$XSk9TXzTFwQYn9dtxElZxOG/3ENL22.xDMhPfW8s98kLY7wTmO4hm', 'indore', '01/02/1997', '7879335123', '123412341234', '1234wer234', 'verify', 1, 'O+ve', 'userImage-1668090053545.png', '12345678', '12', 1, 'no', '2022-11-10 14:20:53', '2023-02-16 04:50:12'),
(7, '1670999697880', 'shubhamD', 'deliveryBoy', 'shubhamabad1297@gmail.com', '$2b$10$XSk9TXzTFwQYn9dtxElZxOG/3ENL22.xDMhPfW8s98kLY7wTmO4hm', 'indore', '01/02/1997', '7879335123', '123412341234', '1234wer234', 'verify', 1, NULL, 'userImage-1670999697826.png', '122431', '12', 1, 'no', '2022-12-14 06:34:57', '2023-02-16 04:49:55'),
(9, '1670999725194', 'shubham3', 'deliveryBoy', 'shubhamaa29@gmail.com', '$2b$10$XSk9TXzTFwQYn9dtxElZxOG/3ENL22.xDMhPfW8s98kLY7wTmO4hm', 'indore', '01/02/1997', '7879335123', '123412341234', '1234wer234', 'verify', 1, NULL, 'userImage-1670999725193.png', '12000', '2299', 1, 'no', '2022-12-14 06:35:25', '2023-03-23 11:36:29'),
(10, '1670999741916', 'shubham4', 'deliveryBoy', 'subhamaa30@gmail.com', '$2b$10$XSk9TXzTFwQYn9dtxElZxOG/3ENL22.xDMhPfW8s98kLY7wTmO4hm', 'indore', '01/02/1997', '7879335123', '123412341234', '1234wer234', 'verify', 2, NULL, 'userImage-1670999741915.png', '12000', '2299', 1, 'no', '2022-12-14 06:35:41', '2023-03-23 11:36:42'),
(11, '1671437188768', 'shubham5', 'deliveryBoy', 'ubhamaa31@gmail.com', '$2b$10$7Cz.P9n3xFN1QxAo914Fu.0ZLeTX9tVDGF4XZcIidcoOQTsrDGL9C', 'indore', '01/02/1997', '7879335123', '123412341234', '1234wer234', 'verify', 1, NULL, 'userImage-1671437188758.png', '12000', '2299', 1, 'no', '2022-12-19 08:06:28', '2023-03-23 11:36:53'),
(12, '1671529988403', 'shubham6', 'deliveryBoy', 'shubham6@gmail.com', '$2b$10$xC8XmFcwYWd0BcVIN2q85ee7awRZtEbkUYuzar0pcXipgy5xPWZBC', 'indore', '01/02/1997', '7879335123', '123412341234', '1234wer234', 'verify', 1, NULL, 'userImage-1671529988402.png', '4999', '40', 1, 'no', '2022-12-20 09:53:08', '2023-04-05 05:25:04'),
(13, '1671530020569', 'shubham7', 'deliveryBoy', 'ubhma97@gmail.com', '$2b$10$XSk9TXzTFwQYn9dtxElZxOG/3ENL22.xDMhPfW8s98kLY7wTmO4hm', 'indore', '01/02/1997', '7879335123', '123412341234', '1234wer234', 'pending', 1, NULL, 'userImage-1671530020568.png', NULL, NULL, NULL, 'no', '2022-12-20 09:53:40', '2022-12-20 09:53:40'),
(14, '1671703799973', 'April7', 'supervisor', 'vira@virtuora.co.in', '$2b$10$yq1R/.Rr1TNkeU3I7l/eBeo8WZCFf2sn61Z5YtJgs2IB.ds7QjNPK', '789897', '2022-01-31', '9584800043', '98789', '89789798', 'verify', 1, 'A-', 'userImage-1671703799971.jpeg', '1321564', '3', 1, 'no', '2022-12-22 10:10:00', '2023-02-15 15:04:56'),
(16, '1672286154936', 'Viral Jain', 'manager', 'viralja@virtuora.co.in', '$2b$10$uxfVYB6sb0QekjnWtFhKHOY0yP/t4EyV4onDAHFGZNgeRsdVew3Vu', 'Unit-2, Ground Floor, Premkunj, Civil Lines', '2022-01-01', '9638527412', '897', '789', 'verify', 1, 'A+', 'userImage-1672286154935.png', '100000', NULL, 1, 'no', '2022-12-29 03:55:54', '2023-02-14 08:25:56'),
(17, '1672286302085', 'Viral Jain2', 'supervisor', 'viraljain1@virtuora.co.in', '$2b$10$LZglGhPLw3RAJ9A0ohbvGuPLAdlrXukZ2uyBlGYULj./7T6VZFjJ.', 'Unit-2, Ground Floor, Premkunj, Civil Lines', '2022-01-01', '9584800043', '7898', '', 'verify', 1, 'A+', 'userImage-1672286302084.jpeg', '12346', '3', 1, 'no', '2022-12-29 03:58:22', '2023-02-15 15:05:13'),
(18, '1680672035905', 'deliveryBoy21', 'deliveryBoy', 'deliveryBoy2111@gmail.com', '$2b$10$rvLHcpMaUMzuVGFNNcEbbORvhI6wSxgmLMHkF7.W7bmleRrNXTr9u', 'Address of deliveryBoy21', '2000-02-02', '7999309256', '123123123123', '1234567890', 'verify', 1, 'B+', 'userImage-1680672035888.jpeg', '5000', '50', 1, 'no', '2023-04-05 05:20:35', '2023-04-05 05:22:40'),
(19, '1672808440829', 'anilRatiya', 'deliveryBoy', 'ok@ok.com', '$2b$10$LIrKZLcc.HTW7qeMvYCt2upLIHs8UCoUsEIUI/WK6GJj48vi.uVWi', 'a\r\n', '2023-01-01', '9584800041', '88', '8', 'verify', 1, 'A+', 'userImage-1672808440777.png', '12345678', NULL, 1, 'no', '2023-01-04 05:00:40', '2023-01-28 04:43:01'),
(21, '1672808440829', 'anilRatiya1', 'deliveryBoy', 'ok@o111k.com', '$2b$10$LIrKZLcc.HTW7qeMvYCt2upLIHs8UCoUsEIUI/WK6GJj48vi.uVWi', 'a\r\n', '2023-01-01', '9584800041', '88', '8', 'verify', 1, 'A+', 'userImage-1672808440777.png', '12345678', NULL, 1, 'no', '2023-01-04 05:00:40', '2023-01-28 04:43:01');

-- --------------------------------------------------------

--
-- Table structure for table `userattendance`
--

CREATE TABLE `userattendance` (
  `id` int(11) NOT NULL,
  `userId` int(11) DEFAULT NULL,
  `date` date NOT NULL,
  `checkInTime` time NOT NULL,
  `vehicleNo` varchar(12) DEFAULT NULL,
  `checkOutTime` time DEFAULT NULL,
  `branchId` int(11) DEFAULT NULL,
  `checkInselfie` varchar(255) DEFAULT NULL,
  `checkOutselfie` varchar(255) DEFAULT NULL,
  `meterStart` varchar(255) DEFAULT NULL,
  `meterStartNumber` int(11) DEFAULT NULL,
  `meterEnd` varchar(255) DEFAULT NULL,
  `meterEndNumber` int(11) NOT NULL,
  `createdAt` datetime NOT NULL,
  `updatedAt` datetime NOT NULL
) ENGINE=InnoDB DEFAULT CHARSET=utf8mb4 COLLATE=utf8mb4_general_ci;

--
-- Dumping data for table `userattendance`
--

INSERT INTO `userattendance` (`id`, `userId`, `date`, `checkInTime`, `vehicleNo`, `checkOutTime`, `branchId`, `checkInselfie`, `checkOutselfie`, `meterStart`, `meterStartNumber`, `meterEnd`, `meterEndNumber`, `createdAt`, `updatedAt`) VALUES
(1, 2, '2022-11-21', '11:27:00', NULL, '16:20:00', 1, NULL, NULL, NULL, NULL, NULL, 0, '2022-11-21 05:57:03', '2022-11-21 10:50:51'),
(2, 2, '2022-11-20', '11:27:00', NULL, NULL, 1, NULL, NULL, NULL, NULL, NULL, 0, '2022-11-21 05:57:34', '2022-11-21 05:57:34'),
(3, 2, '2022-11-18', '11:27:00', NULL, NULL, 1, NULL, NULL, NULL, NULL, NULL, 0, '2022-11-21 05:57:40', '2022-11-21 05:57:40'),
(4, 2, '2022-11-10', '11:27:00', NULL, NULL, 1, NULL, NULL, NULL, NULL, NULL, 0, '2022-11-21 05:57:46', '2022-11-21 05:57:46'),
(5, 3, '2022-11-21', '17:19:00', NULL, '17:19:00', 1, 'checkInselfie-1669031381839.png', NULL, 'meterStart-1669031381840.png', NULL, NULL, 0, '2022-11-21 11:49:41', '2022-11-21 11:49:44'),
(6, 3, '2022-11-22', '19:06:00', NULL, NULL, 1, 'checkInselfie-1669037803420.png', NULL, 'meterStart-1669037803421.png', NULL, NULL, 0, '2022-11-21 13:36:43', '2022-11-21 13:36:43'),
(7, 2, '2022-11-08', '11:27:00', NULL, NULL, 1, NULL, NULL, NULL, NULL, NULL, 0, '2022-11-21 05:57:46', '2022-11-21 05:57:46'),
(8, 2, '2023-01-12', '12:26:00', NULL, '20:08:00', 1, NULL, NULL, NULL, NULL, NULL, 0, '2023-01-12 06:56:03', '2023-01-12 14:38:13'),
(9, 2, '2023-01-12', '12:27:00', NULL, NULL, 1, 'checkInselfie-1673506630013', NULL, 'meterStart-1673506630013', NULL, NULL, 0, '2023-01-12 06:57:10', '2023-01-12 06:57:10'),
(10, 2, '2023-01-12', '12:30:00', NULL, NULL, 1, NULL, NULL, NULL, NULL, NULL, 0, '2023-01-12 07:00:25', '2023-01-12 07:00:25'),
(11, 2, '2023-01-12', '12:30:00', NULL, NULL, 1, NULL, NULL, NULL, NULL, NULL, 0, '2023-01-12 07:00:30', '2023-01-12 07:00:30'),
(12, 2, '2023-01-12', '12:30:00', NULL, NULL, 1, NULL, NULL, NULL, NULL, NULL, 0, '2023-01-12 07:00:31', '2023-01-12 07:00:31'),
(13, 2, '2023-01-12', '12:30:00', NULL, NULL, 1, NULL, NULL, NULL, NULL, NULL, 0, '2023-01-12 07:00:32', '2023-01-12 07:00:32'),
(14, 2, '2023-01-12', '12:30:00', NULL, NULL, 1, NULL, NULL, NULL, NULL, NULL, 0, '2023-01-12 07:00:32', '2023-01-12 07:00:32'),
(15, 2, '2023-01-12', '12:30:00', NULL, NULL, 1, NULL, NULL, NULL, NULL, NULL, 0, '2023-01-12 07:00:33', '2023-01-12 07:00:33'),
(16, 2, '2023-01-12', '12:31:00', NULL, NULL, 1, NULL, NULL, NULL, NULL, NULL, 0, '2023-01-12 07:01:13', '2023-01-12 07:01:13'),
(17, 2, '2023-01-12', '12:31:00', NULL, NULL, 1, NULL, NULL, NULL, NULL, NULL, 0, '2023-01-12 07:01:14', '2023-01-12 07:01:14'),
(18, 2, '2023-01-12', '12:31:00', NULL, NULL, 1, NULL, NULL, NULL, NULL, NULL, 0, '2023-01-12 07:01:22', '2023-01-12 07:01:22'),
(19, 2, '2023-01-12', '12:34:00', NULL, NULL, 1, NULL, NULL, NULL, NULL, NULL, 0, '2023-01-12 07:04:57', '2023-01-12 07:04:57'),
(20, 2, '2023-01-12', '12:35:00', NULL, NULL, 1, NULL, NULL, NULL, NULL, NULL, 0, '2023-01-12 07:05:03', '2023-01-12 07:05:03'),
(21, 2, '2023-01-12', '12:42:00', NULL, NULL, 1, NULL, NULL, NULL, NULL, NULL, 0, '2023-01-12 07:12:50', '2023-01-12 07:12:50'),
(22, 2, '2023-01-12', '12:44:00', NULL, NULL, 1, NULL, NULL, NULL, NULL, NULL, 0, '2023-01-12 07:14:14', '2023-01-12 07:14:14'),
(23, 2, '2023-01-12', '12:49:00', NULL, NULL, 1, NULL, NULL, NULL, NULL, NULL, 0, '2023-01-12 07:19:30', '2023-01-12 07:19:30'),
(24, 2, '2023-01-12', '20:08:00', NULL, NULL, 1, NULL, NULL, NULL, NULL, NULL, 0, '2023-01-12 14:38:09', '2023-01-12 14:38:09'),
(29, 2, '2023-02-06', '15:38:00', NULL, NULL, 1, NULL, NULL, NULL, NULL, NULL, 0, '2023-02-06 10:08:50', '2023-02-06 10:08:50'),
(30, 2, '2023-02-06', '15:38:00', NULL, NULL, 1, NULL, NULL, NULL, NULL, NULL, 0, '2023-02-06 10:08:58', '2023-02-06 10:08:58'),
(31, 2, '2023-02-06', '15:39:00', NULL, NULL, 1, NULL, NULL, NULL, NULL, NULL, 0, '2023-02-06 10:09:25', '2023-02-06 10:09:25'),
(32, 2, '2023-02-06', '15:39:00', NULL, NULL, 1, NULL, NULL, NULL, NULL, NULL, 0, '2023-02-06 10:09:44', '2023-02-06 10:09:44'),
(33, 2, '2023-02-06', '15:39:00', NULL, NULL, 1, NULL, NULL, NULL, NULL, NULL, 0, '2023-02-06 10:09:52', '2023-02-06 10:09:52'),
(34, 2, '2023-02-06', '15:40:00', NULL, NULL, 1, NULL, NULL, NULL, 1421452, '', 1421472, '2023-02-06 10:10:15', '2023-02-06 10:10:15'),
(39, 2, '2023-02-07', '10:43:00', NULL, NULL, 1, 'checkInselfie-1675746813616.jpg', NULL, 'meterStart-1675746813662.png', 1421473, '', 1421497, '2023-02-07 05:13:33', '2023-02-07 05:13:33'),
(40, 2, '2023-03-14', '10:22:00', NULL, '10:23:00', 1, 'checkInselfie-1678769564754', 'checkOutselfie-1678769582314', 'meterStart-1678769564754', 1233500, 'meterEnd-1678769582314', 1233560, '2023-03-14 04:52:44', '2023-03-14 04:53:02'),
(41, 2, '2023-03-20', '10:51:00', NULL, NULL, 1, 'checkInselfie-1679289683458', NULL, 'meterStart-1679289683458', 123400, NULL, 0, '2023-03-20 05:21:23', '2023-03-20 05:21:23'),
(42, 3, '2023-03-21', '10:11:00', NULL, NULL, 1, 'checkInselfie-1679373690062', NULL, 'meterStart-1679373690063', 12345, NULL, 0, '2023-03-21 04:41:30', '2023-03-21 04:41:30'),
(43, 2, '2023-03-21', '10:12:00', NULL, NULL, 1, 'checkInselfie-1679373728366', NULL, 'meterStart-1679373728366', 23444, NULL, 0, '2023-03-21 04:42:08', '2023-03-21 04:42:08'),
(44, 2, '2023-03-22', '09:54:00', NULL, '16:34:00', 1, 'checkInselfie-1679459067933', 'checkOutselfie-1679483086729', 'meterStart-1679459067937', 12300, 'meterEnd-1679483086729', 1230466, '2023-03-22 04:24:28', '2023-03-22 11:04:46'),
(45, 2, '2023-03-23', '09:35:00', NULL, NULL, 1, 'checkInselfie-1679544351619', NULL, 'meterStart-1679544351621', 12300, NULL, 0, '2023-03-23 04:05:51', '2023-03-23 04:05:51'),
(46, 3, '2023-03-23', '16:54:00', NULL, NULL, 2, 'checkInselfie-1679570697737', NULL, 'meterStart-1679570697737', 12300, NULL, 0, '2023-03-23 11:24:57', '2023-03-23 11:24:57'),
(47, 1, '2023-03-23', '17:17:00', NULL, '17:17:00', 2, 'checkInselfie-1679572049287', 'checkOutselfie-1679572063985', 'meterStart-1679572049287', 12300, 'meterEnd-1679572063985', 123, '2023-03-23 11:47:29', '2023-03-23 11:47:43'),
(48, 3, '2023-03-24', '11:49:00', NULL, NULL, 2, 'checkInselfie-1679638774612', NULL, 'meterStart-1679638774612', 123400, NULL, 0, '2023-03-24 06:19:34', '2023-03-24 06:19:34'),
(49, 2, '2023-03-24', '12:48:00', NULL, NULL, 1, 'checkInselfie-1679642281999', NULL, 'meterStart-1679642282000', 123400, NULL, 0, '2023-03-24 07:18:02', '2023-03-24 07:18:02'),
(50, 3, '2023-03-25', '09:57:00', NULL, '09:57:00', 2, 'checkInselfie-1679718450989', 'checkOutselfie-1679718470143', 'meterStart-1679718450989', 123000, 'meterEnd-1679718470144', 123070, '2023-03-25 04:27:31', '2023-03-25 04:27:50'),
(51, 2, '2023-03-25', '13:00:00', NULL, '13:00:00', 1, 'checkInselfie-1679729427066', 'checkOutselfie-1679729441557', 'meterStart-1679729427068', 123400, 'meterEnd-1679729441557', 123499, '2023-03-25 07:30:27', '2023-03-25 07:30:41'),
(52, 2, '2023-03-27', '09:17:00', NULL, '09:18:00', 1, 'checkInselfie-1679888861334', 'checkOutselfie-1679888889692', 'meterStart-1679888861335', 123400, 'meterEnd-1679888889693', 123599, '2023-03-27 03:47:41', '2023-03-27 03:48:09'),
(53, 6, '2023-03-27', '13:03:00', NULL, '13:03:00', 1, 'checkInselfie-1679902394805', 'checkOutselfie-1679902416955', 'meterStart-1679902394805', 123400, 'meterEnd-1679902416955', 123488, '2023-03-27 07:33:14', '2023-03-27 07:33:36'),
(54, 2, '2023-03-28', '09:18:00', NULL, '09:18:00', 1, 'checkInselfie-1679975293995', 'checkOutselfie-1679975316618', 'meterStart-1679975293995', 123400, 'meterEnd-1679975316618', 123499, '2023-03-28 03:48:14', '2023-03-28 03:48:36'),
(55, 6, '2023-03-28', '13:39:00', NULL, '13:40:00', 1, 'checkInselfie-1679990997795', 'checkOutselfie-1679991014275', 'meterStart-1679990997804', 1234500, 'meterEnd-1679991014275', 1234599, '2023-03-28 08:09:57', '2023-03-28 08:10:14'),
(56, 2, '2023-03-29', '11:02:00', NULL, '11:02:00', 1, 'checkInselfie-1680067947607', 'checkOutselfie-1680067967115', 'meterStart-1680067947608', 123400, 'meterEnd-1680067967115', 123489, '2023-03-29 05:32:27', '2023-03-29 05:32:47'),
(57, 3, '2023-03-29', '11:09:00', NULL, '11:09:00', 1, 'checkInselfie-1680068377452', 'checkOutselfie-1680068396909', 'meterStart-1680068377452', 123400, 'meterEnd-1680068396910', 123588, '2023-03-29 05:39:37', '2023-03-29 05:39:56'),
(58, 6, '2023-03-30', '09:15:00', NULL, '09:15:00', 1, 'checkInselfie-1680147930297', 'checkOutselfie-1680147946854', 'meterStart-1680147930301', 123400, 'meterEnd-1680147946855', 1234566, '2023-03-30 03:45:30', '2023-03-30 03:45:46'),
(59, 7, '2023-03-31', '13:11:00', NULL, '13:12:00', 1, 'checkInselfie-1680248507729', 'checkOutselfie-1680248526623', 'meterStart-1680248507731', 1234500, 'meterEnd-1680248526623', 1234578, '2023-03-31 07:41:47', '2023-03-31 07:42:06'),
(60, 7, '2023-04-01', '10:19:00', NULL, '10:19:00', 1, 'checkInselfie-1680324565472', 'checkOutselfie-1680324581906', 'meterStart-1680324565476', 1234500, 'meterEnd-1680324581906', 1234670, '2023-04-01 04:49:25', '2023-04-01 04:49:41'),
(61, 7, '2023-04-03', '09:49:00', NULL, '09:49:00', 1, 'checkInselfie-1680495544303', 'checkOutselfie-1680495570114', 'meterStart-1680495544303', 123400, 'meterEnd-1680495570114', 123467, '2023-04-03 04:19:04', '2023-04-03 04:19:30'),
(62, 6, '2023-04-04', '09:28:00', NULL, '09:28:00', 1, 'checkInselfie-1680580688854', 'checkOutselfie-1680580705845', 'meterStart-1680580688857', 123400, 'meterEnd-1680580705845', 123459, '2023-04-04 03:58:08', '2023-04-04 03:58:25'),
(63, 7, '2023-04-04', '09:44:00', NULL, '09:45:00', 1, 'checkInselfie-1680581679958', 'checkOutselfie-1680581707742', 'meterStart-1680581679959', 1234500, 'meterEnd-1680581707743', 1234598, '2023-04-04 04:14:39', '2023-04-04 04:15:07'),
(64, 2, '2023-04-04', '12:55:00', NULL, '12:55:00', 1, 'checkInselfie-1680593132569', 'checkOutselfie-1680593155756', 'meterStart-1680593132571', 123400, 'meterEnd-1680593155756', 123489, '2023-04-04 07:25:32', '2023-04-04 07:25:55'),
(65, 6, '2023-04-05', '09:08:00', NULL, '09:09:00', 1, 'checkInselfie-1680665933959', 'checkOutselfie-1680665951598', 'meterStart-1680665933962', 123400, 'meterEnd-1680665951598', 123566, '2023-04-05 03:38:53', '2023-04-05 03:39:11'),
(66, 7, '2023-04-05', '09:31:00', NULL, '09:31:00', 1, 'checkInselfie-1680667264067', 'checkOutselfie-1680667279077', 'meterStart-1680667264068', 123400, 'meterEnd-1680667279078', 1234670, '2023-04-05 04:01:04', '2023-04-05 04:01:19'),
(67, 2, '2023-04-11', '10:04:00', NULL, '10:04:00', 1, 'checkInselfie-1681187675014', 'checkOutselfie-1681187690766', 'meterStart-1681187675014', 123400, 'meterEnd-1681187690766', 123562, '2023-04-11 04:34:35', '2023-04-11 04:34:50'),
(68, 3, '2023-04-11', '16:37:00', NULL, '16:38:00', 1, 'checkInselfie-1681211273346', 'checkOutselfie-1681211291897', 'meterStart-1681211273347', 123450, 'meterEnd-1681211291898', 123550, '2023-04-11 11:07:53', '2023-04-11 11:08:11'),
(69, 2, '2023-04-18', '13:41:00', NULL, NULL, 1, 'checkInselfie-1681805508268', NULL, 'meterStart-1681805508271', 123400, NULL, 0, '2023-04-18 08:11:48', '2023-04-18 08:11:48'),
(70, 3, '2023-04-18', '14:57:00', NULL, NULL, 1, 'checkInselfie-1681810041553', NULL, 'meterStart-1681810041554', 123400, NULL, 0, '2023-04-18 09:27:21', '2023-04-18 09:27:21'),
(71, 3, '2023-04-22', '16:32:00', NULL, NULL, 1, 'checkInselfie-1682161363053', NULL, 'meterStart-1682161363055', 123400, NULL, 0, '2023-04-22 11:02:43', '2023-04-22 11:02:43'),
(72, 2, '2023-04-29', '10:29:00', 'CG04KU6540', NULL, 1, 'checkInselfie-1682744383531.jpg', NULL, 'meterStart-1682744383575.png', 1421452, NULL, 0, '2023-04-29 04:59:43', '2023-04-29 04:59:43');

-- --------------------------------------------------------

--
-- Table structure for table `user_bank_account`
--

CREATE TABLE `user_bank_account` (
  `id` int(11) NOT NULL,
  `userId` int(11) DEFAULT NULL,
  `AccountNumber` varchar(255) DEFAULT NULL,
  `BankName` varchar(255) DEFAULT NULL,
  `ifscCode` varchar(255) DEFAULT NULL,
  `upiId` varchar(255) DEFAULT NULL,
  `employementType` varchar(255) DEFAULT NULL,
  `createdAt` datetime NOT NULL,
  `updatedAt` datetime NOT NULL
) ENGINE=InnoDB DEFAULT CHARSET=utf8mb4 COLLATE=utf8mb4_general_ci;

--
-- Dumping data for table `user_bank_account`
--

INSERT INTO `user_bank_account` (`id`, `userId`, `AccountNumber`, `BankName`, `ifscCode`, `upiId`, `employementType`, `createdAt`, `updatedAt`) VALUES
(1, 2, '414141414141', 'HDFC BANK1', '12344321121', 'rupay', 'fullTime', '2022-12-14 06:34:57', '2023-04-18 06:57:30'),
(2, 8, '3456783456745678', 'SBI', 'IIFR43NHH', 'DFGH56VBN6UGH67', 'fullTime', '2022-12-14 06:35:13', '2022-12-14 06:35:13'),
(3, 9, '3456783456745678', 'SBI', 'IIFR43NHH', 'DFGH56VBN6UGH67', 'fullTime', '2022-12-14 06:35:25', '2022-12-14 06:35:25'),
(4, 10, '3456783456745678', 'SBI', 'IIFR43NHH', 'DFGH56VBN6UGH67', 'fullTime', '2022-12-14 06:35:41', '2022-12-14 06:35:41'),
(5, 11, '3456783456745678', 'SBI', 'IIFR43NHH', 'DFGH56VBN6UGH67', 'fullTime', '2022-12-19 08:06:28', '2022-12-19 08:06:28'),
(6, 12, '123123123345', 'SBI', 'IIFR43NHH', 'DFGH56VBN6UGH67', 'partTime', '2022-12-20 09:53:08', '2022-12-20 09:53:08'),
(7, 13, '123123123567', 'HDFC BANK', 'IIFR43NHH', 'DFGH56VBN6UGH67', 'fullTime', '2022-12-20 09:53:40', '2023-02-14 08:32:14'),
(8, 14, '89123123123322', '798897', '7898979', '789789', 'partTime', '2022-12-22 10:10:00', '2022-12-22 10:10:00'),
(9, 15, '123123123890', 'ok', 'ok987654321', '', 'contractBasis', '2022-12-22 11:37:28', '2023-03-23 11:36:29'),
(10, 16, '123123129090', '798', '789', '789', 'partTime', '2022-12-29 03:55:54', '2023-03-23 11:36:42'),
(11, 17, '1231231235656', '89', '897', '987', 'fullTime', '2022-12-29 03:58:22', '2023-03-23 11:36:53'),
(12, 18, '123123127878', 'HDFC BANK', 'IIFR43NHH', 'DFGH56VBN6UGH67', 'contractBasis', '2023-01-02 05:10:50', '2023-04-05 05:25:04'),
(13, 19, '123123189090', 'HDFC BANK', '12354786767', '8', 'contractBasis', '2023-01-04 05:00:40', '2023-01-04 05:00:40'),
(14, 7, '365214789654', 'sbi bhilai', '12354789654', '@sbhi', 'fullTime', '2023-01-06 11:29:58', '2023-01-06 11:50:58'),
(16, 21, '365214749654', 'sbi bhilai', '12354789654', '@sbhi', 'fullTime', '2023-01-06 11:29:58', '2023-01-06 11:50:58');

--
-- Indexes for dumped tables
--

--
-- Indexes for table `branch`
--
ALTER TABLE `branch`
  ADD PRIMARY KEY (`id`);

--
-- Indexes for table `cash`
--
ALTER TABLE `cash`
  ADD PRIMARY KEY (`id`);

--
-- Indexes for table `cashinhand`
--
ALTER TABLE `cashinhand`
  ADD PRIMARY KEY (`id`);

--
-- Indexes for table `company`
--
ALTER TABLE `company`
  ADD PRIMARY KEY (`id`);

--
-- Indexes for table `company_bank_account`
--
ALTER TABLE `company_bank_account`
  ADD PRIMARY KEY (`id`);

--
-- Indexes for table `expences`
--
ALTER TABLE `expences`
  ADD PRIMARY KEY (`id`);

--
-- Indexes for table `messagecenter`
--
ALTER TABLE `messagecenter`
  ADD PRIMARY KEY (`id`);

--
-- Indexes for table `parcel`
--
ALTER TABLE `parcel`
  ADD PRIMARY KEY (`id`);

--
-- Indexes for table `parcelallot`
--
ALTER TABLE `parcelallot`
  ADD PRIMARY KEY (`id`);

--
-- Indexes for table `user`
--
ALTER TABLE `user`
  ADD PRIMARY KEY (`id`),
  ADD UNIQUE KEY `user_email_unique` (`email`);

--
-- Indexes for table `userattendance`
--
ALTER TABLE `userattendance`
  ADD PRIMARY KEY (`id`);

--
-- Indexes for table `user_bank_account`
--
ALTER TABLE `user_bank_account`
  ADD PRIMARY KEY (`id`);

--
-- AUTO_INCREMENT for dumped tables
--

--
-- AUTO_INCREMENT for table `branch`
--
ALTER TABLE `branch`
  MODIFY `id` int(11) NOT NULL AUTO_INCREMENT, AUTO_INCREMENT=3;

--
-- AUTO_INCREMENT for table `cash`
--
ALTER TABLE `cash`
  MODIFY `id` int(11) NOT NULL AUTO_INCREMENT, AUTO_INCREMENT=80;

--
-- AUTO_INCREMENT for table `cashinhand`
--
ALTER TABLE `cashinhand`
  MODIFY `id` int(11) NOT NULL AUTO_INCREMENT, AUTO_INCREMENT=2;

--
-- AUTO_INCREMENT for table `company`
--
ALTER TABLE `company`
  MODIFY `id` int(11) NOT NULL AUTO_INCREMENT, AUTO_INCREMENT=5;

--
-- AUTO_INCREMENT for table `company_bank_account`
--
ALTER TABLE `company_bank_account`
  MODIFY `id` int(11) NOT NULL AUTO_INCREMENT, AUTO_INCREMENT=4;

--
-- AUTO_INCREMENT for table `expences`
--
ALTER TABLE `expences`
  MODIFY `id` int(11) NOT NULL AUTO_INCREMENT, AUTO_INCREMENT=12;

--
-- AUTO_INCREMENT for table `messagecenter`
--
ALTER TABLE `messagecenter`
  MODIFY `id` int(11) NOT NULL AUTO_INCREMENT;

--
-- AUTO_INCREMENT for table `parcel`
--
ALTER TABLE `parcel`
  MODIFY `id` int(11) NOT NULL AUTO_INCREMENT, AUTO_INCREMENT=24;

--
-- AUTO_INCREMENT for table `parcelallot`
--
ALTER TABLE `parcelallot`
  MODIFY `id` int(11) NOT NULL AUTO_INCREMENT, AUTO_INCREMENT=62;

--
-- AUTO_INCREMENT for table `user`
--
ALTER TABLE `user`
  MODIFY `id` int(11) NOT NULL AUTO_INCREMENT, AUTO_INCREMENT=26;

--
-- AUTO_INCREMENT for table `userattendance`
--
ALTER TABLE `userattendance`
  MODIFY `id` int(11) NOT NULL AUTO_INCREMENT, AUTO_INCREMENT=73;

--
-- AUTO_INCREMENT for table `user_bank_account`
--
ALTER TABLE `user_bank_account`
  MODIFY `id` int(11) NOT NULL AUTO_INCREMENT, AUTO_INCREMENT=17;
COMMIT;

/*!40101 SET CHARACTER_SET_CLIENT=@OLD_CHARACTER_SET_CLIENT */;
/*!40101 SET CHARACTER_SET_RESULTS=@OLD_CHARACTER_SET_RESULTS */;
/*!40101 SET COLLATION_CONNECTION=@OLD_COLLATION_CONNECTION */;
